date,state,fips,cases,deaths,new cases,new deaths
2020-03-14,Alabama,1,12,0,12,0
2020-03-21,Alabama,1,131,0,119,0
2020-03-28,Alabama,1,720,4,589,4
2020-04-04,Alabama,1,1632,44,912,40
2020-04-11,Alabama,1,3262,93,1630,49
2020-04-18,Alabama,1,4723,147,1461,54
2020-04-25,Alabama,1,6213,213,1490,66
2020-05-02,Alabama,1,7611,288,1398,75
2020-05-09,Alabama,1,9668,390,2057,102
2020-05-16,Alabama,1,11674,485,2006,95
2020-05-23,Alabama,1,14149,549,2475,64
2020-05-30,Alabama,1,17359,618,3210,69
2020-06-06,Alabama,1,20043,689,2684,71
2020-06-13,Alabama,1,24601,773,4558,84
2020-06-20,Alabama,1,29549,838,4948,65
2020-06-27,Alabama,1,35083,919,5534,81
2020-07-04,Alabama,1,42862,1007,7779,88
2020-07-11,Alabama,1,51947,1114,9085,107
2020-07-18,Alabama,1,65234,1286,13287,172
2020-03-14,Alaska,2,1,0,1,0
2020-03-21,Alaska,2,21,0,20,0
2020-03-28,Alaska,2,102,1,81,1
2020-04-04,Alaska,2,169,3,67,2
2020-04-11,Alaska,2,255,6,86,3
2020-04-18,Alaska,2,312,7,57,1
2020-04-25,Alaska,2,337,7,25,0
2020-05-02,Alaska,2,363,7,26,0
2020-05-09,Alaska,2,377,8,14,1
2020-05-16,Alaska,2,392,8,15,0
2020-05-23,Alaska,2,409,8,17,0
2020-05-30,Alaska,2,441,8,32,0
2020-06-06,Alaska,2,579,8,138,0
2020-06-13,Alaska,2,722,10,143,2
2020-06-20,Alaska,2,845,10,123,0
2020-06-27,Alaska,2,1027,12,182,2
2020-07-04,Alaska,2,1339,14,312,2
2020-07-11,Alaska,2,1656,15,317,1
2020-07-18,Alaska,2,2157,16,501,1
2020-02-01,Arizona,4,1,0,1,0
2020-02-08,Arizona,4,1,0,0,0
2020-02-15,Arizona,4,1,0,0,0
2020-02-22,Arizona,4,1,0,0,0
2020-02-29,Arizona,4,1,0,0,0
2020-03-07,Arizona,4,5,0,4,0
2020-03-14,Arizona,4,12,0,7,0
2020-03-21,Arizona,4,104,1,92,1
2020-03-28,Arizona,4,773,15,669,14
2020-04-04,Arizona,4,2019,53,1246,38
2020-04-11,Arizona,4,3393,112,1374,59
2020-04-18,Arizona,4,4719,181,1326,69
2020-04-25,Arizona,4,6280,275,1561,94
2020-05-02,Arizona,4,8364,353,2084,78
2020-05-09,Arizona,4,10960,532,2596,179
2020-05-16,Arizona,4,13631,679,2671,147
2020-05-23,Arizona,4,16040,799,2409,120
2020-05-30,Arizona,4,19255,903,3215,104
2020-06-06,Arizona,4,25517,1046,6262,143
2020-06-13,Arizona,4,34773,1190,9256,144
2020-06-20,Arizona,4,50198,1347,15425,157
2020-06-27,Arizona,4,70152,1581,19954,234
2020-07-04,Arizona,4,94616,1821,24464,240
2020-07-11,Arizona,4,119991,2158,25375,337
2020-07-18,Arizona,4,141333,2733,21342,575
2020-03-14,Arkansas,5,9,0,9,0
2020-03-21,Arkansas,5,118,0,109,0
2020-03-28,Arkansas,5,409,5,291,5
2020-04-04,Arkansas,5,743,14,334,9
2020-04-11,Arkansas,5,1228,25,485,11
2020-04-18,Arkansas,5,1777,38,549,13
2020-04-25,Arkansas,5,2909,48,1132,10
2020-05-02,Arkansas,5,3372,72,463,24
2020-05-09,Arkansas,5,3747,88,375,16
2020-05-16,Arkansas,5,4578,98,831,10
2020-05-23,Arkansas,5,5775,115,1197,17
2020-05-30,Arkansas,5,7013,133,1238,18
2020-06-06,Arkansas,5,9101,154,2088,21
2020-06-13,Arkansas,5,12095,177,2994,23
2020-06-20,Arkansas,5,15142,224,3047,47
2020-06-27,Arkansas,5,19310,259,4168,35
2020-07-04,Arkansas,5,23209,286,3899,27
2020-07-11,Arkansas,5,27864,319,4655,33
2020-07-18,Arkansas,5,32533,357,4669,38
2020-01-25,California,6,1,0,1,0
2020-02-01,California,6,3,0,2,0
2020-02-08,California,6,6,0,3,0
2020-02-15,California,6,7,0,1,0
2020-02-22,California,6,9,0,2,0
2020-02-29,California,6,28,0,19,0
2020-03-07,California,6,100,1,72,1
2020-03-14,California,6,381,5,281,4
2020-03-21,California,6,1544,28,1163,23
2020-03-28,California,6,5566,122,4022,94
2020-04-04,California,6,13796,323,8230,201
2020-04-11,California,6,22421,632,8625,309
2020-04-18,California,6,30829,1146,8408,514
2020-04-25,California,6,42590,1692,11761,546
2020-05-02,California,6,53753,2213,11163,521
2020-05-09,California,6,66824,2732,13071,519
2020-05-16,California,6,78933,3254,12109,522
2020-05-23,California,6,92815,3768,13882,514
2020-05-30,California,6,110100,4214,17285,446
2020-06-06,California,6,129147,4626,19047,412
2020-06-13,California,6,150434,5059,21287,433
2020-06-20,California,6,174854,5495,24420,436
2020-06-27,California,6,211453,5902,36599,407
2020-07-04,California,6,265176,6329,53723,427
2020-07-11,California,6,320030,7012,54854,683
2020-07-18,California,6,383194,7697,63164,685
2020-03-07,Colorado,8,8,0,8,0
2020-03-14,Colorado,8,103,2,95,2
2020-03-21,Colorado,8,475,6,372,4
2020-03-28,Colorado,8,2061,44,1586,38
2020-04-04,Colorado,8,4574,126,2513,82
2020-04-11,Colorado,8,6893,274,2319,148
2020-04-18,Colorado,8,9433,409,2540,135
2020-04-25,Colorado,8,12967,670,3534,261
2020-05-02,Colorado,8,16118,830,3151,160
2020-05-09,Colorado,8,19267,965,3149,135
2020-05-16,Colorado,8,21604,1192,2337,227
2020-05-23,Colorado,8,23932,1327,2328,135
2020-05-30,Colorado,8,26084,1443,2152,116
2020-06-06,Colorado,8,27834,1527,1750,84
2020-06-13,Colorado,8,29002,1598,1168,71
2020-06-20,Colorado,8,30334,1647,1332,49
2020-06-27,Colorado,8,32006,1674,1672,27
2020-07-04,Colorado,8,33900,1703,1894,29
2020-07-11,Colorado,8,36633,1725,2733,22
2020-07-18,Colorado,8,39811,1753,3178,28
2020-03-14,Connecticut,9,20,0,20,0
2020-03-21,Connecticut,9,223,5,203,5
2020-03-28,Connecticut,9,1524,33,1301,28
2020-04-04,Connecticut,9,5276,165,3752,132
2020-04-11,Connecticut,9,11510,494,6234,329
2020-04-18,Connecticut,9,17550,1086,6040,592
2020-04-25,Connecticut,9,24582,1862,7032,776
2020-05-02,Connecticut,9,29287,2436,4705,574
2020-05-09,Connecticut,9,32984,2932,3697,496
2020-05-16,Connecticut,9,36703,3339,3719,407
2020-05-23,Connecticut,9,40022,3675,3319,336
2020-05-30,Connecticut,9,42022,3912,2000,237
2020-06-06,Connecticut,9,43818,4055,1796,143
2020-06-13,Connecticut,9,44994,4186,1176,131
2020-06-20,Connecticut,9,45715,4251,721,65
2020-06-27,Connecticut,9,46206,4311,491,60
2020-07-04,Connecticut,9,46717,4335,511,24
2020-07-11,Connecticut,9,47287,4348,570,13
2020-07-18,Connecticut,9,47893,4396,606,48
2020-03-14,Delaware,10,4,0,4,0
2020-03-21,Delaware,10,45,0,41,0
2020-03-28,Delaware,10,214,5,169,5
2020-04-04,Delaware,10,593,14,379,9
2020-04-11,Delaware,10,1479,33,886,19
2020-04-18,Delaware,10,2538,67,1059,34
2020-04-25,Delaware,10,3576,112,1038,45
2020-05-02,Delaware,10,5038,168,1462,56
2020-05-09,Delaware,10,6277,221,1239,53
2020-05-16,Delaware,10,7547,286,1270,65
2020-05-23,Delaware,10,8690,324,1143,38
2020-05-30,Delaware,10,9422,361,732,37
2020-06-06,Delaware,10,9845,390,423,29
2020-06-13,Delaware,10,10229,419,384,29
2020-06-20,Delaware,10,10681,434,452,15
2020-06-27,Delaware,10,11091,507,410,73
2020-07-04,Delaware,10,11996,512,905,5
2020-07-11,Delaware,10,12743,517,747,5
2020-07-18,Delaware,10,13429,523,686,6
2020-03-07,District of Columbia,11,1,0,1,0
2020-03-14,District of Columbia,11,16,0,15,0
2020-03-21,District of Columbia,11,77,1,61,1
2020-03-28,District of Columbia,11,304,4,227,3
2020-04-04,District of Columbia,11,902,21,598,17
2020-04-11,District of Columbia,11,1778,47,876,26
2020-04-18,District of Columbia,11,2666,91,888,44
2020-04-25,District of Columbia,11,3699,165,1033,74
2020-05-02,District of Columbia,11,4797,240,1098,75
2020-05-09,District of Columbia,11,6102,311,1305,71
2020-05-16,District of Columbia,11,7042,375,940,64
2020-05-23,District of Columbia,11,7966,427,924,52
2020-05-30,District of Columbia,11,8717,462,751,35
2020-06-06,District of Columbia,11,9269,483,552,21
2020-06-13,District of Columbia,11,9709,511,440,28
2020-06-20,District of Columbia,11,9984,531,275,20
2020-06-27,District of Columbia,11,10216,548,232,17
2020-07-04,District of Columbia,11,10447,557,231,9
2020-07-11,District of Columbia,11,10801,568,354,11
2020-07-18,District of Columbia,11,11194,578,393,10
2020-03-07,Florida,12,12,2,12,2
2020-03-14,Florida,12,70,3,58,1
2020-03-21,Florida,12,764,11,694,8
2020-03-28,Florida,12,4038,56,3274,45
2020-04-04,Florida,12,11537,194,7499,138
2020-04-11,Florida,12,18978,445,7441,251
2020-04-18,Florida,12,25484,747,6506,302
2020-04-25,Florida,12,30831,1054,5347,307
2020-05-02,Florida,12,35455,1363,4624,309
2020-05-09,Florida,12,39993,1714,4538,351
2020-05-16,Florida,12,44803,1963,4810,249
2020-05-23,Florida,12,50119,2232,5316,269
2020-05-30,Florida,12,55416,2446,5297,214
2020-06-06,Florida,12,62750,2687,7334,241
2020-06-13,Florida,12,73544,2924,10794,237
2020-06-20,Florida,12,93789,3143,20245,219
2020-06-27,Florida,12,132537,3389,38748,246
2020-07-04,Florida,12,190044,3701,57507,312
2020-07-11,Florida,12,254503,4196,64459,495
2020-07-18,Florida,12,337561,4894,83058,698
2020-03-07,Georgia,13,7,0,7,0
2020-03-14,Georgia,13,65,1,58,1
2020-03-21,Georgia,13,552,20,487,19
2020-03-28,Georgia,13,2447,79,1895,59
2020-04-04,Georgia,13,6383,208,3936,129
2020-04-11,Georgia,13,12261,432,5878,224
2020-04-18,Georgia,13,17014,670,4753,238
2020-04-25,Georgia,13,22225,897,5211,227
2020-05-02,Georgia,13,27268,1161,5043,264
2020-05-09,Georgia,13,31481,1380,4213,219
2020-05-16,Georgia,13,35655,1573,4174,193
2020-05-23,Georgia,13,40408,1794,4753,221
2020-05-30,Georgia,13,44336,1973,3928,179
2020-06-06,Georgia,13,48943,2147,4607,174
2020-06-13,Georgia,13,54178,2411,5235,264
2020-06-20,Georgia,13,60669,2602,6491,191
2020-06-27,Georgia,13,71066,2733,10397,131
2020-07-04,Georgia,13,87592,2809,16526,76
2020-07-11,Georgia,13,106574,2946,18982,137
2020-07-18,Georgia,13,128341,3105,21767,159
2020-03-21,Guam,66,15,0,15,0
2020-03-28,Guam,66,57,1,42,1
2020-04-04,Guam,66,223,4,166,3
2020-04-11,Guam,66,681,5,458,1
2020-04-18,Guam,66,805,6,124,1
2020-04-25,Guam,66,997,6,192,0
2020-05-02,Guam,66,1117,6,120,0
2020-05-09,Guam,66,1120,6,3,0
2020-05-16,Guam,66,1123,6,3,0
2020-05-23,Guam,66,1134,6,11,0
2020-05-30,Guam,66,1141,6,7,0
2020-06-06,Guam,66,1148,6,7,0
2020-06-13,Guam,66,1154,6,6,0
2020-06-20,Guam,66,1191,6,37,0
2020-06-27,Guam,66,1217,6,26,0
2020-07-04,Guam,66,1257,6,40,0
2020-07-11,Guam,66,1281,6,24,0
2020-07-18,Guam,66,1284,6,3,0
2020-03-07,Hawaii,15,1,0,1,0
2020-03-14,Hawaii,15,4,0,3,0
2020-03-21,Hawaii,15,48,0,44,0
2020-03-28,Hawaii,15,151,0,103,0
2020-04-04,Hawaii,15,349,3,198,3
2020-04-11,Hawaii,15,484,8,135,5
2020-04-18,Hawaii,15,568,9,84,1
2020-04-25,Hawaii,15,597,14,29,5
2020-05-02,Hawaii,15,611,16,14,2
2020-05-09,Hawaii,15,620,17,9,1
2020-05-16,Hawaii,15,629,17,9,0
2020-05-23,Hawaii,15,633,17,4,0
2020-05-30,Hawaii,15,641,17,8,0
2020-06-06,Hawaii,15,661,17,20,0
2020-06-13,Hawaii,15,711,17,50,0
2020-06-20,Hawaii,15,791,17,80,0
2020-06-27,Hawaii,15,856,18,65,1
2020-07-04,Hawaii,15,981,19,125,1
2020-07-11,Hawaii,15,1181,19,200,0
2020-07-18,Hawaii,15,1332,23,151,4
2020-03-14,Idaho,16,5,0,5,0
2020-03-21,Idaho,16,42,0,37,0
2020-03-28,Idaho,16,262,5,220,5
2020-04-04,Idaho,16,1076,10,814,5
2020-04-11,Idaho,16,1438,27,362,17
2020-04-18,Idaho,16,1668,44,230,17
2020-04-25,Idaho,16,1887,56,219,12
2020-05-02,Idaho,16,2061,64,174,8
2020-05-09,Idaho,16,2230,67,169,3
2020-05-16,Idaho,16,2419,73,189,6
2020-05-23,Idaho,16,2626,79,207,6
2020-05-30,Idaho,16,2840,82,214,3
2020-06-06,Idaho,16,3139,83,299,1
2020-06-13,Idaho,16,3399,87,260,4
2020-06-20,Idaho,16,4006,90,607,3
2020-06-27,Idaho,16,5319,92,1313,2
2020-07-04,Idaho,16,7431,94,2112,2
2020-07-11,Idaho,16,10584,102,3153,8
2020-07-18,Idaho,16,14433,120,3849,18
2020-01-25,Illinois,17,1,0,1,0
2020-02-01,Illinois,17,2,0,1,0
2020-02-08,Illinois,17,2,0,0,0
2020-02-15,Illinois,17,2,0,0,0
2020-02-22,Illinois,17,2,0,0,0
2020-02-29,Illinois,17,3,0,1,0
2020-03-07,Illinois,17,6,0,3,0
2020-03-14,Illinois,17,66,0,60,0
2020-03-21,Illinois,17,751,6,685,6
2020-03-28,Illinois,17,3547,50,2796,44
2020-04-04,Illinois,17,10357,248,6810,198
2020-04-11,Illinois,17,19180,682,8823,434
2020-04-18,Illinois,17,29160,1272,9980,590
2020-04-25,Illinois,17,41777,1884,12617,612
2020-05-02,Illinois,17,58505,2576,16728,692
2020-05-09,Illinois,17,76008,3362,17503,786
2020-05-16,Illinois,17,92669,4149,16661,787
2020-05-23,Illinois,17,108100,4817,15431,668
2020-05-30,Illinois,17,119290,5368,11190,551
2020-06-06,Illinois,17,127251,5898,7961,530
2020-06-13,Illinois,17,133117,6491,5866,593
2020-06-20,Illinois,17,137535,6846,4418,355
2020-06-27,Illinois,17,142536,7083,5001,237
2020-07-04,Illinois,17,148151,7234,5615,151
2020-07-11,Illinois,17,154530,7372,6379,138
2020-07-18,Illinois,17,162299,7486,7769,114
2020-03-07,Indiana,18,1,0,1,0
2020-03-14,Indiana,18,15,0,14,0
2020-03-21,Indiana,18,128,6,113,6
2020-03-28,Indiana,18,1239,38,1111,32
2020-04-04,Indiana,18,3975,136,2736,98
2020-04-11,Indiana,18,7494,389,3519,253
2020-04-18,Indiana,18,10730,633,3236,244
2020-04-25,Indiana,18,14567,897,3837,264
2020-05-02,Indiana,18,19629,1229,5062,332
2020-05-09,Indiana,18,24239,1490,4610,261
2020-05-16,Indiana,18,27919,1741,3680,251
2020-05-23,Indiana,18,31674,1964,3755,223
2020-05-30,Indiana,18,35064,2125,3390,161
2020-06-06,Indiana,18,37928,2292,2864,167
2020-06-13,Indiana,18,40535,2413,2607,121
2020-06-20,Indiana,18,43135,2536,2600,123
2020-06-27,Indiana,18,45707,2616,2572,80
2020-07-04,Indiana,18,48628,2687,2921,71
2020-07-11,Indiana,18,52358,2756,3730,69
2020-07-18,Indiana,18,57045,2820,4687,64
2020-03-14,Iowa,19,18,0,18,0
2020-03-21,Iowa,19,68,0,50,0
2020-03-28,Iowa,19,298,3,230,3
2020-04-04,Iowa,19,786,11,488,8
2020-04-11,Iowa,19,1510,34,724,23
2020-04-18,Iowa,19,2513,74,1003,40
2020-04-25,Iowa,19,5109,112,2596,38
2020-05-02,Iowa,19,8641,175,3532,63
2020-05-09,Iowa,19,11671,252,3030,77
2020-05-16,Iowa,19,14328,346,2657,94
2020-05-23,Iowa,19,16898,446,2570,100
2020-05-30,Iowa,19,19336,531,2438,85
2020-06-06,Iowa,19,21527,602,2191,71
2020-06-13,Iowa,19,23792,651,2265,49
2020-06-20,Iowa,19,25552,685,1760,34
2020-06-27,Iowa,19,28203,704,2651,19
2020-07-04,Iowa,19,31167,721,2964,17
2020-07-11,Iowa,19,34695,748,3528,27
2020-07-18,Iowa,19,38314,790,3619,42
2020-03-07,Kansas,20,1,0,1,0
2020-03-14,Kansas,20,8,1,7,1
2020-03-21,Kansas,20,57,2,49,1
2020-03-28,Kansas,20,272,6,215,4
2020-04-04,Kansas,20,702,21,430,15
2020-04-11,Kansas,20,1282,55,580,34
2020-04-18,Kansas,20,1820,86,538,31
2020-04-25,Kansas,20,3091,119,1271,33
2020-05-02,Kansas,20,4863,140,1772,21
2020-05-09,Kansas,20,6923,172,2060,32
2020-05-16,Kansas,20,8059,189,1136,17
2020-05-23,Kansas,20,9119,200,1060,11
2020-05-30,Kansas,20,9847,209,728,9
2020-06-06,Kansas,20,10517,234,670,25
2020-06-13,Kansas,20,11195,244,678,10
2020-06-20,Kansas,20,12218,257,1023,13
2020-06-27,Kansas,20,13767,269,1549,12
2020-07-04,Kansas,20,16165,284,2398,15
2020-07-11,Kansas,20,18983,294,2818,10
2020-07-18,Kansas,20,22238,312,3255,18
2020-03-07,Kentucky,21,1,0,1,0
2020-03-14,Kentucky,21,18,0,17,0
2020-03-21,Kentucky,21,84,3,66,3
2020-03-28,Kentucky,21,394,9,310,6
2020-04-04,Kentucky,21,909,40,515,31
2020-04-11,Kentucky,21,1851,94,942,54
2020-04-18,Kentucky,21,2707,145,856,51
2020-04-25,Kentucky,21,3905,208,1198,63
2020-05-02,Kentucky,21,4881,252,976,44
2020-05-09,Kentucky,21,6469,312,1588,60
2020-05-16,Kentucky,21,7773,346,1304,34
2020-05-23,Kentucky,21,8812,399,1039,53
2020-05-30,Kentucky,21,9887,441,1075,42
2020-06-06,Kentucky,21,11359,480,1472,39
2020-06-13,Kentucky,21,12605,527,1246,47
2020-06-20,Kentucky,21,13800,542,1195,15
2020-06-27,Kentucky,21,15337,575,1537,33
2020-07-04,Kentucky,21,16709,608,1372,33
2020-07-11,Kentucky,21,19530,647,2821,39
2020-07-18,Kentucky,21,22750,688,3220,41
2020-03-14,Louisiana,22,77,1,77,1
2020-03-21,Louisiana,22,763,16,686,15
2020-03-28,Louisiana,22,3315,137,2552,121
2020-04-04,Louisiana,22,12500,412,9185,275
2020-04-11,Louisiana,22,20014,806,7514,394
2020-04-18,Louisiana,22,23580,1267,3566,461
2020-04-25,Louisiana,22,26571,1703,2991,436
2020-05-02,Louisiana,22,29183,1993,2612,290
2020-05-09,Louisiana,22,31490,2267,2307,274
2020-05-16,Louisiana,22,34183,2479,2693,212
2020-05-23,Louisiana,22,37165,2683,2982,204
2020-05-30,Louisiana,22,39682,2785,2517,102
2020-06-06,Louisiana,22,42597,2925,2915,140
2020-06-13,Louisiana,22,46396,3004,3799,79
2020-06-20,Louisiana,22,49497,3104,3101,100
2020-06-27,Louisiana,22,54882,3190,5385,86
2020-07-04,Louisiana,22,63397,3278,8515,88
2020-07-11,Louisiana,22,76911,3403,13514,125
2020-07-18,Louisiana,22,88700,3509,11789,106
2020-03-14,Maine,23,3,0,3,0
2020-03-21,Maine,23,70,0,67,0
2020-03-28,Maine,23,211,1,141,1
2020-04-04,Maine,23,456,10,245,9
2020-04-11,Maine,23,616,19,160,9
2020-04-18,Maine,23,847,32,231,13
2020-04-25,Maine,23,990,50,143,18
2020-05-02,Maine,23,1152,56,162,6
2020-05-09,Maine,23,1408,64,256,8
2020-05-16,Maine,23,1648,70,240,6
2020-05-23,Maine,23,2013,77,365,7
2020-05-30,Maine,23,2282,89,269,12
2020-06-06,Maine,23,2524,98,242,9
2020-06-13,Maine,23,2757,100,233,2
2020-06-20,Maine,23,2938,102,181,2
2020-06-27,Maine,23,3154,104,216,2
2020-07-04,Maine,23,3397,107,243,3
2020-07-11,Maine,23,3520,112,123,5
2020-07-18,Maine,23,3646,117,126,5
2020-03-07,Maryland,24,3,0,3,0
2020-03-14,Maryland,24,27,0,24,0
2020-03-21,Maryland,24,195,3,168,3
2020-03-28,Maryland,24,1066,10,871,7
2020-04-04,Maryland,24,3125,54,2059,44
2020-04-11,Maryland,24,7694,207,4569,153
2020-04-18,Maryland,24,12379,534,4685,327
2020-04-25,Maryland,24,17844,875,5465,341
2020-05-02,Maryland,24,24568,1251,6724,376
2020-05-09,Maryland,24,31638,1614,7070,363
2020-05-16,Maryland,24,38083,1957,6445,343
2020-05-23,Maryland,24,45608,2243,7525,286
2020-05-30,Maryland,24,52662,2509,7054,266
2020-06-06,Maryland,24,58099,2740,5437,231
2020-06-13,Maryland,24,61935,2926,3836,186
2020-06-20,Maryland,24,64565,3052,2630,126
2020-06-27,Maryland,24,67032,3157,2467,105
2020-07-04,Maryland,24,69724,3236,2692,79
2020-07-11,Maryland,24,73060,3310,3336,74
2020-07-18,Maryland,24,77773,3368,4713,58
2020-02-01,Massachusetts,25,1,0,1,0
2020-02-08,Massachusetts,25,1,0,0,0
2020-02-15,Massachusetts,25,1,0,0,0
2020-02-22,Massachusetts,25,1,0,0,0
2020-02-29,Massachusetts,25,1,0,0,0
2020-03-07,Massachusetts,25,13,0,12,0
2020-03-14,Massachusetts,25,138,0,125,0
2020-03-21,Massachusetts,25,525,2,387,2
2020-03-28,Massachusetts,25,4257,44,3732,42
2020-04-04,Massachusetts,25,11736,216,7479,172
2020-04-11,Massachusetts,25,22860,686,11124,470
2020-04-18,Massachusetts,25,36372,1560,13512,874
2020-04-25,Massachusetts,25,53348,2730,16976,1170
2020-05-02,Massachusetts,25,66263,3846,12915,1116
2020-05-09,Massachusetts,25,76743,4840,10480,994
2020-05-16,Massachusetts,25,84933,5705,8190,865
2020-05-23,Massachusetts,25,91662,6304,6729,599
2020-05-30,Massachusetts,25,96301,6768,4639,464
2020-06-06,Massachusetts,25,103132,7289,6831,521
2020-06-13,Massachusetts,25,105395,7576,2263,287
2020-06-20,Massachusetts,25,106936,7827,1541,251
2020-06-27,Massachusetts,25,108443,8040,1507,213
2020-07-04,Massachusetts,25,109838,8172,1395,132
2020-07-11,Massachusetts,25,111398,8310,1560,138
2020-07-18,Massachusetts,25,113238,8419,1840,109
2020-03-14,Michigan,26,33,0,33,0
2020-03-21,Michigan,26,787,6,754,6
2020-03-28,Michigan,26,4634,112,3847,106
2020-04-04,Michigan,26,14225,541,9591,429
2020-04-11,Michigan,26,23855,1395,9630,854
2020-04-18,Michigan,26,30718,2307,6863,912
2020-04-25,Michigan,26,37302,3273,6584,966
2020-05-02,Michigan,26,43191,4020,5889,747
2020-05-09,Michigan,26,46735,4526,3544,506
2020-05-16,Michigan,26,50416,4880,3681,354
2020-05-23,Michigan,26,54304,5223,3888,343
2020-05-30,Michigan,26,56848,5463,2544,240
2020-06-06,Michigan,26,64196,5894,7348,431
2020-06-13,Michigan,26,66024,6017,1828,123
2020-06-20,Michigan,26,67721,6091,1697,74
2020-06-27,Michigan,26,69802,6157,2081,66
2020-07-04,Michigan,26,72702,6222,2900,65
2020-07-11,Michigan,26,76499,6316,3797,94
2020-07-18,Michigan,26,81384,6367,4885,51
2020-03-07,Minnesota,27,1,0,1,0
2020-03-14,Minnesota,27,21,0,20,0
2020-03-21,Minnesota,27,138,1,117,1
2020-03-28,Minnesota,27,442,5,304,4
2020-04-04,Minnesota,27,865,24,423,19
2020-04-11,Minnesota,27,1427,64,562,40
2020-04-18,Minnesota,27,2213,121,786,57
2020-04-25,Minnesota,27,3446,244,1233,123
2020-05-02,Minnesota,27,6228,395,2782,151
2020-05-09,Minnesota,27,10789,558,4561,163
2020-05-16,Minnesota,27,14969,709,4180,151
2020-05-23,Minnesota,27,19854,861,4885,152
2020-05-30,Minnesota,27,24200,1036,4346,175
2020-06-06,Minnesota,27,27512,1181,3312,145
2020-06-13,Minnesota,27,30203,1314,2691,133
2020-06-20,Minnesota,27,32499,1404,2296,90
2020-06-27,Minnesota,27,35068,1452,2569,48
2020-07-04,Minnesota,27,37661,1503,2593,51
2020-07-11,Minnesota,27,41609,1537,3948,34
2020-07-18,Minnesota,27,45510,1578,3901,41
2020-03-14,Mississippi,28,6,0,6,0
2020-03-21,Mississippi,28,140,1,134,1
2020-03-28,Mississippi,28,669,13,529,12
2020-04-04,Mississippi,28,1455,35,786,22
2020-04-11,Mississippi,28,2642,93,1187,58
2020-04-18,Mississippi,28,3974,152,1332,59
2020-04-25,Mississippi,28,5718,221,1744,69
2020-05-02,Mississippi,28,7441,291,1723,70
2020-05-09,Mississippi,28,9378,421,1937,130
2020-05-16,Mississippi,28,11123,510,1745,89
2020-05-23,Mississippi,28,13005,616,1882,106
2020-05-30,Mississippi,28,15229,723,2224,107
2020-06-06,Mississippi,28,17034,811,1805,88
2020-06-13,Mississippi,28,19348,889,2314,78
2020-06-20,Mississippi,28,21022,943,1674,54
2020-06-27,Mississippi,28,25531,1035,4509,92
2020-07-04,Mississippi,28,30674,1107,5143,72
2020-07-11,Mississippi,28,35419,1230,4745,123
2020-07-18,Mississippi,28,41846,1346,6427,116
2020-03-07,Missouri,29,1,0,1,0
2020-03-14,Missouri,29,5,0,4,0
2020-03-21,Missouri,29,93,3,88,3
2020-03-28,Missouri,29,837,11,744,8
2020-04-04,Missouri,29,2291,44,1454,33
2020-04-11,Missouri,29,4024,116,1733,72
2020-04-18,Missouri,29,5517,194,1493,78
2020-04-25,Missouri,29,6826,280,1309,86
2020-05-02,Missouri,29,8154,373,1328,93
2020-05-09,Missouri,29,9737,492,1583,119
2020-05-16,Missouri,29,10794,593,1057,101
2020-05-23,Missouri,29,11922,685,1128,92
2020-05-30,Missouri,29,13118,782,1196,97
2020-06-06,Missouri,29,14659,823,1541,41
2020-06-13,Missouri,29,16327,890,1668,67
2020-06-20,Missouri,29,18155,975,1828,85
2020-06-27,Missouri,29,20909,1021,2754,46
2020-07-04,Missouri,29,24061,1062,3152,41
2020-07-11,Missouri,29,28649,1112,4588,50
2020-07-18,Missouri,29,34363,1158,5714,46
2020-03-14,Montana,30,6,0,6,0
2020-03-21,Montana,30,29,0,23,0
2020-03-28,Montana,30,147,1,118,1
2020-04-04,Montana,30,281,6,134,5
2020-04-11,Montana,30,377,6,96,0
2020-04-18,Montana,30,426,10,49,4
2020-04-25,Montana,30,445,14,19,4
2020-05-02,Montana,30,454,16,9,2
2020-05-09,Montana,30,458,16,4,0
2020-05-16,Montana,30,468,16,10,0
2020-05-23,Montana,30,479,16,11,0
2020-05-30,Montana,30,505,17,26,1
2020-06-06,Montana,30,540,18,35,1
2020-06-13,Montana,30,588,18,48,0
2020-06-20,Montana,30,698,20,110,2
2020-06-27,Montana,30,852,22,154,2
2020-07-04,Montana,30,1167,23,315,1
2020-07-11,Montana,30,1677,29,510,6
2020-07-18,Montana,30,2471,37,794,8
2020-02-22,Nebraska,31,11,0,11,0
2020-02-29,Nebraska,31,13,0,2,0
2020-03-07,Nebraska,31,14,0,1,0
2020-03-14,Nebraska,31,29,0,15,0
2020-03-21,Nebraska,31,61,0,32,0
2020-03-28,Nebraska,31,122,2,61,2
2020-04-04,Nebraska,31,339,8,217,6
2020-04-11,Nebraska,31,718,18,379,10
2020-04-18,Nebraska,31,1348,28,630,10
2020-04-25,Nebraska,31,2898,52,1550,24
2020-05-02,Nebraska,31,5332,75,2434,23
2020-05-09,Nebraska,31,8233,95,2901,20
2020-05-16,Nebraska,31,10220,129,1987,34
2020-05-23,Nebraska,31,11988,150,1768,21
2020-05-30,Nebraska,31,13905,177,1917,27
2020-06-06,Nebraska,31,15543,196,1638,19
2020-06-13,Nebraska,31,16634,221,1091,25
2020-06-20,Nebraska,31,17707,249,1073,28
2020-06-27,Nebraska,31,18775,271,1068,22
2020-07-04,Nebraska,31,19826,285,1051,14
2020-07-11,Nebraska,31,21035,296,1209,11
2020-07-18,Nebraska,31,22545,308,1510,12
2020-03-07,Nevada,32,2,0,2,0
2020-03-14,Nevada,32,21,0,19,0
2020-03-21,Nevada,32,165,2,144,2
2020-03-28,Nevada,32,738,14,573,12
2020-04-04,Nevada,32,1758,46,1020,32
2020-04-11,Nevada,32,2720,111,962,65
2020-04-18,Nevada,32,3626,155,906,44
2020-04-25,Nevada,32,4539,206,913,51
2020-05-02,Nevada,32,5390,257,851,51
2020-05-09,Nevada,32,6046,306,656,49
2020-05-16,Nevada,32,6810,349,764,43
2020-05-23,Nevada,32,7769,392,959,43
2020-05-30,Nevada,32,8519,417,750,25
2020-06-06,Nevada,32,9494,437,975,20
2020-06-13,Nevada,32,10992,463,1498,26
2020-06-20,Nevada,32,12977,486,1985,23
2020-06-27,Nevada,32,16400,500,3423,14
2020-07-04,Nevada,32,21671,530,5271,30
2020-07-11,Nevada,32,26912,592,5241,62
2020-07-18,Nevada,32,34606,647,7694,55
2020-03-07,New Hampshire,33,4,0,4,0
2020-03-14,New Hampshire,33,7,0,3,0
2020-03-21,New Hampshire,33,65,0,58,0
2020-03-28,New Hampshire,33,214,2,149,2
2020-04-04,New Hampshire,33,621,9,407,7
2020-04-11,New Hampshire,33,929,23,308,14
2020-04-18,New Hampshire,33,1342,38,413,15
2020-04-25,New Hampshire,33,1793,60,451,22
2020-05-02,New Hampshire,33,2429,84,636,24
2020-05-09,New Hampshire,33,3011,131,582,47
2020-05-16,New Hampshire,33,3556,171,545,40
2020-05-23,New Hampshire,33,4089,208,533,37
2020-05-30,New Hampshire,33,4545,242,456,34
2020-06-06,New Hampshire,33,5019,283,474,41
2020-06-13,New Hampshire,33,5299,318,280,35
2020-06-20,New Hampshire,33,5518,339,219,21
2020-06-27,New Hampshire,33,5717,367,199,28
2020-07-04,New Hampshire,33,5871,380,154,13
2020-07-11,New Hampshire,33,6024,391,153,11
2020-07-18,New Hampshire,33,6188,396,164,5
2020-03-07,New Jersey,34,4,0,4,0
2020-03-14,New Jersey,34,75,2,71,2
2020-03-21,New Jersey,34,1336,16,1261,14
2020-03-28,New Jersey,34,11124,140,9788,124
2020-04-04,New Jersey,34,34124,847,23000,707
2020-04-11,New Jersey,34,58151,2183,24027,1336
2020-04-18,New Jersey,34,81420,4070,23269,1887
2020-04-25,New Jersey,34,105523,5863,24103,1793
2020-05-02,New Jersey,34,123717,7742,18194,1879
2020-05-09,New Jersey,34,137085,9116,13368,1374
2020-05-16,New Jersey,34,145089,10249,8004,1133
2020-05-23,New Jersey,34,153104,11081,8015,832
2020-05-30,New Jersey,34,159608,11634,6504,553
2020-06-06,New Jersey,34,163893,12106,4285,472
2020-06-13,New Jersey,34,166605,12589,2712,483
2020-06-20,New Jersey,34,168834,12857,2229,268
2020-06-27,New Jersey,34,172727,14948,3893,2091
2020-07-04,New Jersey,34,174889,15189,2162,241
2020-07-11,New Jersey,34,176906,15525,2017,336
2020-07-18,New Jersey,34,178788,15699,1882,174
2020-03-14,New Mexico,35,13,0,13,0
2020-03-21,New Mexico,35,57,0,44,0
2020-03-28,New Mexico,35,210,2,153,2
2020-04-04,New Mexico,35,544,11,334,9
2020-04-11,New Mexico,35,1174,20,630,9
2020-04-18,New Mexico,35,1798,53,624,33
2020-04-25,New Mexico,35,2662,93,864,40
2020-05-02,New Mexico,35,3732,139,1070,46
2020-05-09,New Mexico,35,4778,191,1046,52
2020-05-16,New Mexico,35,5847,259,1069,68
2020-05-23,New Mexico,35,6795,308,948,49
2020-05-30,New Mexico,35,7624,351,829,43
2020-06-06,New Mexico,35,8800,392,1176,41
2020-06-13,New Mexico,35,9621,431,821,39
2020-06-20,New Mexico,35,10430,466,809,35
2020-06-27,New Mexico,35,11619,491,1189,25
2020-07-04,New Mexico,35,13063,513,1444,22
2020-07-11,New Mexico,35,14773,543,1710,30
2020-07-18,New Mexico,35,16736,569,1963,26
2020-03-07,New York,36,89,0,89,0
2020-03-14,New York,36,610,2,521,2
2020-03-21,New York,36,10371,95,9761,93
2020-03-28,New York,36,53517,935,43146,840
2020-04-04,New York,36,115963,4535,62446,3600
2020-04-11,New York,36,182990,11159,67027,6624
2020-04-18,New York,36,240542,17141,57552,5982
2020-04-25,New York,36,286901,21326,46359,4185
2020-05-02,New York,36,318134,24035,31233,2709
2020-05-09,New York,36,338519,26584,20385,2549
2020-05-16,New York,36,353136,27953,14617,1369
2020-05-23,New York,36,364745,28900,11609,947
2020-05-30,New York,36,374471,29612,9726,712
2020-06-06,New York,36,382102,30123,7631,511
2020-06-13,New York,36,387402,30565,5300,442
2020-06-20,New York,36,392037,30839,4635,274
2020-06-27,New York,36,396669,31105,4632,266
2020-07-04,New York,36,401286,31860,4617,755
2020-07-11,New York,36,405724,32019,4438,159
2020-07-18,New York,36,411006,32167,5282,148
2020-03-07,North Carolina,37,2,0,2,0
2020-03-14,North Carolina,37,25,0,23,0
2020-03-21,North Carolina,37,184,0,159,0
2020-03-28,North Carolina,37,972,4,788,4
2020-04-04,North Carolina,37,2402,30,1430,26
2020-04-11,North Carolina,37,4310,86,1908,56
2020-04-18,North Carolina,37,6140,175,1830,89
2020-04-25,North Carolina,37,8548,304,2408,129
2020-05-02,North Carolina,37,11514,428,2966,124
2020-05-09,North Carolina,37,14387,554,2873,126
2020-05-16,North Carolina,37,18009,671,3622,117
2020-05-23,North Carolina,37,22731,763,4722,92
2020-05-30,North Carolina,37,27761,903,5030,140
2020-06-06,North Carolina,37,34809,1020,7048,117
2020-06-13,North Carolina,37,42911,1135,8102,115
2020-06-20,North Carolina,37,51640,1239,8729,104
2020-06-27,North Carolina,37,60710,1334,9070,95
2020-07-04,North Carolina,37,71734,1414,11024,80
2020-07-11,North Carolina,37,84087,1520,12353,106
2020-07-18,North Carolina,37,98182,1653,14095,133
2020-03-14,North Dakota,38,1,0,1,0
2020-03-21,North Dakota,38,28,0,27,0
2020-03-28,North Dakota,38,93,1,65,1
2020-04-04,North Dakota,38,186,3,93,2
2020-04-11,North Dakota,38,293,7,107,4
2020-04-18,North Dakota,38,528,9,235,2
2020-04-25,North Dakota,38,803,16,275,7
2020-05-02,North Dakota,38,1153,24,350,8
2020-05-09,North Dakota,38,1464,35,311,11
2020-05-16,North Dakota,38,1848,42,384,7
2020-05-23,North Dakota,38,2365,52,517,10
2020-05-30,North Dakota,38,2557,63,192,11
2020-06-06,North Dakota,38,2819,75,262,12
2020-06-13,North Dakota,38,3061,77,242,2
2020-06-20,North Dakota,38,3257,82,196,5
2020-06-27,North Dakota,38,3467,87,210,5
2020-07-04,North Dakota,38,3788,89,321,2
2020-07-11,North Dakota,38,4247,91,459,2
2020-07-18,North Dakota,38,4911,94,664,3
2020-03-28,Northern Mariana Islands,69,2,0,2,0
2020-04-04,Northern Mariana Islands,69,8,1,6,1
2020-04-11,Northern Mariana Islands,69,11,2,3,1
2020-04-18,Northern Mariana Islands,69,14,2,3,0
2020-04-25,Northern Mariana Islands,69,14,2,0,0
2020-05-02,Northern Mariana Islands,69,14,2,0,0
2020-05-09,Northern Mariana Islands,69,16,2,2,0
2020-05-16,Northern Mariana Islands,69,21,2,5,0
2020-05-23,Northern Mariana Islands,69,22,2,1,0
2020-05-30,Northern Mariana Islands,69,22,2,0,0
2020-06-06,Northern Mariana Islands,69,26,2,4,0
2020-06-13,Northern Mariana Islands,69,30,2,4,0
2020-06-20,Northern Mariana Islands,69,30,2,0,0
2020-06-27,Northern Mariana Islands,69,30,2,0,0
2020-07-04,Northern Mariana Islands,69,31,2,1,0
2020-07-11,Northern Mariana Islands,69,33,2,2,0
2020-07-18,Northern Mariana Islands,69,37,2,4,0
2020-03-14,Ohio,39,26,0,26,0
2020-03-21,Ohio,39,247,3,221,3
2020-03-28,Ohio,39,1406,25,1159,22
2020-04-04,Ohio,39,3739,102,2333,77
2020-04-11,Ohio,39,6251,247,2512,145
2020-04-18,Ohio,39,10222,451,3971,204
2020-04-25,Ohio,39,15587,711,5365,260
2020-05-02,Ohio,39,19335,1021,3748,310
2020-05-09,Ohio,39,23697,1331,4362,310
2020-05-16,Ohio,39,27476,1610,3779,279
2020-05-23,Ohio,39,31408,1956,3932,346
2020-05-30,Ohio,39,35034,2149,3626,193
2020-06-06,Ohio,39,38111,2370,3077,221
2020-06-13,Ohio,39,40848,2554,2737,184
2020-06-20,Ohio,39,44262,2697,3414,143
2020-06-27,Ohio,39,49455,2804,5193,107
2020-07-04,Ohio,39,56183,2907,6728,103
2020-07-11,Ohio,39,64214,3036,8031,129
2020-07-18,Ohio,39,73822,3132,9608,96
2020-03-07,Oklahoma,40,1,0,1,0
2020-03-14,Oklahoma,40,4,0,3,0
2020-03-21,Oklahoma,40,53,1,49,1
2020-03-28,Oklahoma,40,377,15,324,14
2020-04-04,Oklahoma,40,1159,42,782,27
2020-04-11,Oklahoma,40,1868,93,709,51
2020-04-18,Oklahoma,40,2570,139,702,46
2020-04-25,Oklahoma,40,3193,194,623,55
2020-05-02,Oklahoma,40,3851,238,658,44
2020-05-09,Oklahoma,40,4490,270,639,32
2020-05-16,Oklahoma,40,5237,288,747,18
2020-05-23,Oklahoma,40,5960,311,723,23
2020-05-30,Oklahoma,40,6418,334,458,23
2020-06-06,Oklahoma,40,7060,347,642,13
2020-06-13,Oklahoma,40,8073,359,1013,12
2020-06-20,Oklahoma,40,10037,368,1964,9
2020-06-27,Oklahoma,40,12642,384,2605,16
2020-07-04,Oklahoma,40,15645,398,3003,14
2020-07-11,Oklahoma,40,19779,421,4134,23
2020-07-18,Oklahoma,40,25056,451,5277,30
2020-02-29,Oregon,41,1,0,1,0
2020-03-07,Oregon,41,6,0,5,0
2020-03-14,Oregon,41,36,1,30,1
2020-03-21,Oregon,41,137,4,101,3
2020-03-28,Oregon,41,480,13,343,9
2020-04-04,Oregon,41,1000,26,520,13
2020-04-11,Oregon,41,1447,51,447,25
2020-04-18,Oregon,41,1844,72,397,21
2020-04-25,Oregon,41,2253,87,409,15
2020-05-02,Oregon,41,2635,109,382,22
2020-05-09,Oregon,41,3160,127,525,18
2020-05-16,Oregon,41,3612,137,452,10
2020-05-23,Oregon,41,3888,147,276,10
2020-05-30,Oregon,41,4185,153,297,6
2020-06-06,Oregon,41,4672,163,487,10
2020-06-13,Oregon,41,5543,175,871,12
2020-06-20,Oregon,41,6682,188,1139,13
2020-06-27,Oregon,41,8110,204,1428,16
2020-07-04,Oregon,41,9937,216,1827,12
2020-07-11,Oregon,41,11851,235,1914,19
2020-07-18,Oregon,41,14231,259,2380,24
2020-03-07,Pennsylvania,42,4,0,4,0
2020-03-14,Pennsylvania,42,47,0,43,0
2020-03-21,Pennsylvania,42,388,2,341,2
2020-03-28,Pennsylvania,42,2815,35,2427,33
2020-04-04,Pennsylvania,42,10110,140,7295,105
2020-04-11,Pennsylvania,42,21774,515,11664,375
2020-04-18,Pennsylvania,42,31742,1150,9968,635
2020-04-25,Pennsylvania,42,41626,1842,9884,692
2020-05-02,Pennsylvania,42,51071,2794,9445,952
2020-05-09,Pennsylvania,42,58661,3793,7590,999
2020-05-16,Pennsylvania,42,65228,4490,6567,697
2020-05-23,Pennsylvania,42,71102,5121,5874,631
2020-05-30,Pennsylvania,42,75789,5537,4687,416
2020-06-06,Pennsylvania,42,79507,5986,3718,449
2020-06-13,Pennsylvania,42,82988,6264,3481,278
2020-06-20,Pennsylvania,42,85678,6467,2690,203
2020-06-27,Pennsylvania,42,89400,6652,3722,185
2020-07-04,Pennsylvania,42,93922,6793,4522,141
2020-07-11,Pennsylvania,42,99252,6945,5330,152
2020-07-18,Pennsylvania,42,104780,7068,5528,123
2020-03-14,Puerto Rico,72,4,0,4,0
2020-03-21,Puerto Rico,72,21,1,17,1
2020-03-28,Puerto Rico,72,100,3,79,2
2020-04-04,Puerto Rico,72,452,18,352,15
2020-04-11,Puerto Rico,72,788,42,336,24
2020-04-18,Puerto Rico,72,1118,60,330,18
2020-04-25,Puerto Rico,72,1307,83,189,23
2020-05-02,Puerto Rico,72,1755,95,448,12
2020-05-09,Puerto Rico,72,2173,108,418,13
2020-05-16,Puerto Rico,72,2589,122,416,14
2020-05-23,Puerto Rico,72,3100,127,511,5
2020-05-30,Puerto Rico,72,3718,133,618,6
2020-06-06,Puerto Rico,72,4915,142,1197,9
2020-06-13,Puerto Rico,72,5690,146,775,4
2020-06-20,Puerto Rico,72,6463,147,773,1
2020-06-27,Puerto Rico,72,7066,152,603,5
2020-07-04,Puerto Rico,72,7787,155,721,3
2020-07-11,Puerto Rico,72,9366,167,1579,12
2020-07-18,Puerto Rico,72,11453,178,2087,11
2020-03-07,Rhode Island,44,3,0,3,0
2020-03-14,Rhode Island,44,20,0,17,0
2020-03-21,Rhode Island,44,66,0,46,0
2020-03-28,Rhode Island,44,239,2,173,2
2020-04-04,Rhode Island,44,806,17,567,15
2020-04-11,Rhode Island,44,2349,56,1543,39
2020-04-18,Rhode Island,44,4491,137,2142,81
2020-04-25,Rhode Island,44,7129,215,2638,78
2020-05-02,Rhode Island,44,9289,296,2160,81
2020-05-09,Rhode Island,44,10989,418,1700,122
2020-05-16,Rhode Island,44,12434,489,1445,71
2020-05-23,Rhode Island,44,13952,597,1518,108
2020-05-30,Rhode Island,44,14819,711,867,114
2020-06-06,Rhode Island,44,15441,772,622,61
2020-06-13,Rhode Island,44,15947,833,506,61
2020-06-20,Rhode Island,44,16337,894,390,61
2020-06-27,Rhode Island,44,16661,927,324,33
2020-07-04,Rhode Island,44,16991,960,330,33
2020-07-11,Rhode Island,44,17312,976,321,16
2020-07-18,Rhode Island,44,17793,990,481,14
2020-03-07,South Carolina,45,2,0,2,0
2020-03-14,South Carolina,45,19,0,17,0
2020-03-21,South Carolina,45,172,3,153,3
2020-03-28,South Carolina,45,661,15,489,12
2020-04-04,South Carolina,45,1917,40,1256,25
2020-04-11,South Carolina,45,3207,80,1290,40
2020-04-18,South Carolina,45,4246,119,1039,39
2020-04-25,South Carolina,45,5253,166,1007,47
2020-05-02,South Carolina,45,6489,267,1236,101
2020-05-09,South Carolina,45,7531,330,1042,63
2020-05-16,South Carolina,45,8661,380,1130,50
2020-05-23,South Carolina,45,9895,425,1234,45
2020-05-30,South Carolina,45,11394,487,1499,62
2020-06-06,South Carolina,45,13916,545,2522,58
2020-06-13,South Carolina,45,17955,599,4039,54
2020-06-20,South Carolina,45,23786,644,5831,45
2020-06-27,South Carolina,45,31939,711,8153,67
2020-07-04,South Carolina,45,43386,813,11447,102
2020-07-11,South Carolina,45,54699,951,11313,138
2020-07-18,South Carolina,45,67612,1135,12913,184
2020-03-14,South Dakota,46,9,1,9,1
2020-03-21,South Dakota,46,14,1,5,0
2020-03-28,South Dakota,46,68,1,54,0
2020-04-04,South Dakota,46,212,2,144,1
2020-04-11,South Dakota,46,626,6,414,4
2020-04-18,South Dakota,46,1541,7,915,1
2020-04-25,South Dakota,46,2147,10,606,3
2020-05-02,South Dakota,46,2587,21,440,11
2020-05-09,South Dakota,46,3393,34,806,13
2020-05-16,South Dakota,46,3959,44,566,10
2020-05-23,South Dakota,46,4468,50,509,6
2020-05-30,South Dakota,46,4960,62,492,12
2020-06-06,South Dakota,46,5367,65,407,3
2020-06-13,South Dakota,46,5833,75,466,10
2020-06-20,South Dakota,46,6225,81,392,6
2020-06-27,South Dakota,46,6626,91,401,10
2020-07-04,South Dakota,46,7028,97,402,6
2020-07-11,South Dakota,46,7454,109,426,12
2020-07-18,South Dakota,46,7862,116,408,7
2020-03-07,Tennessee,47,1,0,1,0
2020-03-14,Tennessee,47,32,0,31,0
2020-03-21,Tennessee,47,312,2,280,2
2020-03-28,Tennessee,47,1363,6,1051,4
2020-04-04,Tennessee,47,3265,47,1902,41
2020-04-11,Tennessee,47,4983,107,1718,60
2020-04-18,Tennessee,47,6624,148,1641,41
2020-04-25,Tennessee,47,8918,179,2294,31
2020-05-02,Tennessee,47,12376,210,3458,31
2020-05-09,Tennessee,47,14675,241,2299,31
2020-05-16,Tennessee,47,17204,292,2529,51
2020-05-23,Tennessee,47,19765,325,2561,33
2020-05-30,Tennessee,47,22676,360,2911,35
2020-06-06,Tennessee,47,26359,413,3683,53
2020-06-13,Tennessee,47,29616,465,3257,52
2020-06-20,Tennessee,47,34223,516,4607,51
2020-06-27,Tennessee,47,39813,577,5590,61
2020-07-04,Tennessee,47,49232,630,9419,53
2020-07-11,Tennessee,47,59981,728,10749,98
2020-07-18,Tennessee,47,74518,828,14537,100
2020-02-15,Texas,48,2,0,2,0
2020-02-22,Texas,48,4,0,2,0
2020-02-29,Texas,48,11,0,7,0
2020-03-07,Texas,48,19,0,8,0
2020-03-14,Texas,48,69,0,50,0
2020-03-21,Texas,48,547,5,478,5
2020-03-28,Texas,48,2381,30,1834,25
2020-04-04,Texas,48,6566,124,4185,94
2020-04-11,Texas,48,13208,265,6642,141
2020-04-18,Texas,48,18927,487,5719,222
2020-04-25,Texas,48,24494,662,5567,175
2020-05-02,Texas,48,31433,875,6939,213
2020-05-09,Texas,48,38849,1086,7416,211
2020-05-16,Texas,48,47866,1330,9017,244
2020-05-23,Texas,48,55451,1522,7585,192
2020-05-30,Texas,48,63396,1676,7945,154
2020-06-06,Texas,48,75077,1840,11681,164
2020-06-13,Texas,48,88120,1989,13043,149
2020-06-20,Texas,48,111594,2186,23474,197
2020-06-27,Texas,48,148639,2398,37045,212
2020-07-04,Texas,48,195707,2646,47068,248
2020-07-11,Texas,48,258280,3206,62573,560
2020-07-18,Texas,48,330059,3972,71779,766
2020-02-29,Utah,49,1,0,1,0
2020-03-07,Utah,49,3,0,2,0
2020-03-14,Utah,49,21,0,18,0
2020-03-21,Utah,49,138,0,117,0
2020-03-28,Utah,49,608,2,470,2
2020-04-04,Utah,49,1426,8,818,6
2020-04-11,Utah,49,2208,18,782,10
2020-04-18,Utah,49,2942,25,734,7
2020-04-25,Utah,49,3950,41,1008,16
2020-05-02,Utah,49,4981,49,1031,8
2020-05-09,Utah,49,6103,66,1122,17
2020-05-16,Utah,49,7068,78,965,12
2020-05-23,Utah,49,8260,97,1192,19
2020-05-30,Utah,49,9551,112,1291,15
2020-06-06,Utah,49,11866,121,2315,9
2020-06-13,Utah,49,14061,139,2195,18
2020-06-20,Utah,49,17173,155,3112,16
2020-06-27,Utah,49,20735,167,3562,12
2020-07-04,Utah,49,24717,181,3982,14
2020-07-11,Utah,49,29071,212,4354,31
2020-07-18,Utah,49,33430,243,4359,31
2020-03-07,Vermont,50,1,0,1,0
2020-03-14,Vermont,50,5,0,4,0
2020-03-21,Vermont,50,49,2,44,2
2020-03-28,Vermont,50,211,12,162,10
2020-04-04,Vermont,50,461,20,250,8
2020-04-11,Vermont,50,711,24,250,4
2020-04-18,Vermont,50,803,36,92,12
2020-04-25,Vermont,50,843,45,40,9
2020-05-02,Vermont,50,886,50,43,5
2020-05-09,Vermont,50,921,53,35,3
2020-05-16,Vermont,50,934,53,13,0
2020-05-23,Vermont,50,954,54,20,1
2020-05-30,Vermont,50,977,55,23,1
2020-06-06,Vermont,50,1046,55,69,0
2020-06-13,Vermont,50,1125,55,79,0
2020-06-20,Vermont,50,1147,56,22,1
2020-06-27,Vermont,50,1200,56,53,0
2020-07-04,Vermont,50,1238,56,38,0
2020-07-11,Vermont,50,1283,56,45,0
2020-07-18,Vermont,50,1338,56,55,0
2020-03-14,Virgin Islands,78,1,0,1,0
2020-03-21,Virgin Islands,78,6,0,5,0
2020-03-28,Virgin Islands,78,19,0,13,0
2020-04-04,Virgin Islands,78,42,0,23,0
2020-04-11,Virgin Islands,78,51,1,9,1
2020-04-18,Virgin Islands,78,53,3,2,2
2020-04-25,Virgin Islands,78,55,3,2,0
2020-05-02,Virgin Islands,78,66,4,11,1
2020-05-09,Virgin Islands,78,69,4,3,0
2020-05-16,Virgin Islands,78,69,6,0,2
2020-05-23,Virgin Islands,78,69,6,0,0
2020-05-30,Virgin Islands,78,69,6,0,0
2020-06-06,Virgin Islands,78,71,6,2,0
2020-06-13,Virgin Islands,78,72,6,1,0
2020-06-20,Virgin Islands,78,74,6,2,0
2020-06-27,Virgin Islands,78,81,6,7,0
2020-07-04,Virgin Islands,78,111,6,30,0
2020-07-11,Virgin Islands,78,181,6,70,0
2020-07-18,Virgin Islands,78,297,6,116,0
2020-03-07,Virginia,51,1,0,1,0
2020-03-14,Virginia,51,42,1,41,1
2020-03-21,Virginia,51,152,3,110,2
2020-03-28,Virginia,51,739,17,587,14
2020-04-04,Virginia,51,2408,52,1669,35
2020-04-11,Virginia,51,5076,130,2668,78
2020-04-18,Virginia,51,8053,258,2977,128
2020-04-25,Virginia,51,12365,436,4312,178
2020-05-02,Virginia,51,17731,616,5366,180
2020-05-09,Virginia,51,23196,827,5465,211
2020-05-16,Virginia,51,29683,1002,6487,175
2020-05-23,Virginia,51,35749,1159,6066,157
2020-05-30,Virginia,51,43611,1370,7862,211
2020-06-06,Virginia,51,49397,1460,5786,90
2020-06-13,Virginia,51,53869,1541,4472,81
2020-06-20,Virginia,51,57443,1607,3574,66
2020-06-27,Virginia,51,61247,1724,3804,117
2020-07-04,Virginia,51,65109,1849,3862,125
2020-07-11,Virginia,51,69782,1962,4673,113
2020-07-18,Virginia,51,76373,2025,6591,63
2020-01-25,Washington,53,1,0,1,0
2020-02-01,Washington,53,1,0,0,0
2020-02-08,Washington,53,1,0,0,0
2020-02-15,Washington,53,1,0,0,0
2020-02-22,Washington,53,1,0,0,0
2020-02-29,Washington,53,10,1,9,1
2020-03-07,Washington,53,110,16,100,15
2020-03-14,Washington,53,609,40,499,24
2020-03-21,Washington,53,1655,95,1046,55
2020-03-28,Washington,53,4311,193,2656,98
2020-04-04,Washington,53,7499,318,3188,125
2020-04-11,Washington,53,10227,498,2728,180
2020-04-18,Washington,53,11850,629,1623,131
2020-04-25,Washington,53,13565,743,1715,114
2020-05-02,Washington,53,15383,833,1818,90
2020-05-09,Washington,53,17629,925,2246,92
2020-05-16,Washington,53,19336,1015,1707,90
2020-05-23,Washington,53,20740,1062,1404,47
2020-05-30,Washington,53,22618,1126,1878,64
2020-06-06,Washington,53,24767,1163,2149,37
2020-06-13,Washington,53,26920,1216,2153,53
2020-06-20,Washington,53,29466,1268,2546,52
2020-06-27,Washington,53,33031,1311,3565,43
2020-07-04,Washington,53,36799,1355,3768,44
2020-07-11,Washington,53,41326,1426,4527,71
2020-07-18,Washington,53,47889,1509,6563,83
2020-03-21,West Virginia,54,12,0,12,0
2020-03-28,West Virginia,54,113,0,101,0
2020-04-04,West Virginia,54,282,2,169,2
2020-04-11,West Virginia,54,593,6,311,4
2020-04-18,West Virginia,54,825,18,232,12
2020-04-25,West Virginia,54,1025,33,200,15
2020-05-02,West Virginia,54,1185,50,160,17
2020-05-09,West Virginia,54,1348,53,163,3
2020-05-16,West Virginia,54,1470,65,122,12
2020-05-23,West Virginia,54,1729,72,259,7
2020-05-30,West Virginia,54,1989,75,260,3
2020-06-06,West Virginia,54,2136,84,147,9
2020-06-13,West Virginia,54,2274,88,138,4
2020-06-20,West Virginia,54,2500,88,226,0
2020-06-27,West Virginia,54,2781,93,281,5
2020-07-04,West Virginia,54,3205,94,424,1
2020-07-11,West Virginia,54,4146,96,941,2
2020-07-18,West Virginia,54,4922,100,776,4
2020-02-08,Wisconsin,55,1,0,1,0
2020-02-15,Wisconsin,55,1,0,0,0
2020-02-22,Wisconsin,55,1,0,0,0
2020-02-29,Wisconsin,55,1,0,0,0
2020-03-07,Wisconsin,55,1,0,0,0
2020-03-14,Wisconsin,55,27,0,26,0
2020-03-21,Wisconsin,55,281,4,254,4
2020-03-28,Wisconsin,55,1042,17,761,13
2020-04-04,Wisconsin,55,2112,60,1070,43
2020-04-11,Wisconsin,55,3213,141,1101,81
2020-04-18,Wisconsin,55,4199,212,986,71
2020-04-25,Wisconsin,55,5687,266,1488,54
2020-05-02,Wisconsin,55,7660,334,1973,68
2020-05-09,Wisconsin,55,9939,398,2279,64
2020-05-16,Wisconsin,55,12368,453,2429,55
2020-05-23,Wisconsin,55,14985,507,2617,54
2020-05-30,Wisconsin,55,18249,588,3264,81
2020-06-06,Wisconsin,55,20701,646,2452,58
2020-06-13,Wisconsin,55,25026,700,4325,54
2020-06-20,Wisconsin,55,27314,751,2288,51
2020-06-27,Wisconsin,55,30235,786,2921,35
2020-07-04,Wisconsin,55,34243,804,4008,18
2020-07-11,Wisconsin,55,39095,829,4852,25
2020-07-18,Wisconsin,55,45118,852,6023,23
2020-03-14,Wyoming,56,3,0,3,0
2020-03-21,Wyoming,56,24,0,21,0
2020-03-28,Wyoming,56,85,0,61,0
2020-04-04,Wyoming,56,189,0,104,0
2020-04-11,Wyoming,56,343,0,154,0
2020-04-18,Wyoming,56,412,2,69,2
2020-04-25,Wyoming,56,477,7,65,5
2020-05-02,Wyoming,56,579,7,102,0
2020-05-09,Wyoming,56,653,7,74,0
2020-05-16,Wyoming,56,741,7,88,0
2020-05-23,Wyoming,56,813,12,72,5
2020-05-30,Wyoming,56,898,16,85,4
2020-06-06,Wyoming,56,939,17,41,1
2020-06-13,Wyoming,56,1050,18,111,1
2020-06-20,Wyoming,56,1179,20,129,2
2020-06-27,Wyoming,56,1392,20,213,0
2020-07-04,Wyoming,56,1606,20,214,0
2020-07-11,Wyoming,56,1839,21,233,1
2020-07-18,Wyoming,56,2108,24,269,3
